admission_id,risk_score,risk_level
2001,0.01,Low
2002,1.0,High
2003,0.0,Low
2004,1.0,High
2005,0.0,Low
2006,0.0,Low
2007,1.0,High
2008,1.0,High
2009,0.0,Low
2010,0.01,Low
2011,0.99,High
2012,0.03,Low
2013,1.0,High
2014,0.0,Low
2015,0.0,Low
2016,0.0,Low
2017,0.01,Low
2018,1.0,High
2019,1.0,High
2020,0.0,Low
2021,1.0,High
2022,0.0,Low
2023,0.98,High
2024,1.0,High
2025,0.0,Low
2026,0.01,Low
2027,0.02,Low
2028,0.0,Low
2029,0.0,Low
2030,0.0,Low
2031,0.02,Low
2032,0.02,Low
2033,0.0,Low
2034,0.99,High
2035,0.99,High
2036,0.99,High
2037,0.98,High
2038,0.0,Low
2039,0.0,Low
2040,1.0,High
2041,0.0,Low
2042,0.0,Low
2043,0.0,Low
2044,0.0,Low
2045,1.0,High
2046,1.0,High
2047,0.0,Low
2048,0.0,Low
2049,0.98,High
2050,0.0,Low
2051,0.0,Low
2052,0.03,Low
2053,1.0,High
2054,1.0,High
2055,0.0,Low
2056,1.0,High
2057,0.94,High
2058,0.0,Low
2059,1.0,High
2060,0.01,Low
2061,1.0,High
2062,0.0,Low
2063,1.0,High
2064,0.98,High
2065,0.97,High
2066,0.0,Low
2067,0.98,High
2068,0.0,Low
2069,1.0,High
2070,0.03,Low
2071,0.99,High
2072,0.01,Low
2073,0.01,Low
2074,0.98,High
2075,1.0,High
2076,0.01,Low
2077,1.0,High
2078,0.01,Low
2079,0.95,High
2080,1.0,High
2081,0.03,Low
2082,0.99,High
2083,0.0,Low
2084,0.0,Low
2085,1.0,High
2086,1.0,High
2087,0.0,Low
2088,0.04,Low
2089,0.99,High
2090,0.98,High
2091,0.0,Low
2092,0.99,High
2093,0.0,Low
2094,0.96,High
2095,0.0,Low
2096,0.04,Low
2097,0.01,Low
2098,0.97,High
2099,0.0,Low
2100,1.0,High
2101,0.01,Low
2102,1.0,High
2103,0.03,Low
2104,0.0,Low
2105,0.01,Low
2106,0.0,Low
2107,1.0,High
2108,1.0,High
2109,0.0,Low
2110,0.99,High
2111,0.99,High
2112,0.01,Low
2113,1.0,High
2114,0.0,Low
2115,1.0,High
2116,0.99,High
2117,1.0,High
2118,0.0,Low
2119,0.0,Low
2120,0.0,Low
2121,0.99,High
2122,0.99,High
2123,0.01,Low
2124,1.0,High
2125,0.99,High
2126,0.0,Low
2127,0.98,High
2128,0.01,Low
2129,0.98,High
2130,0.01,Low
2131,0.01,Low
2132,0.0,Low
2133,1.0,High
2134,1.0,High
2135,1.0,High
2136,0.0,Low
2137,1.0,High
2138,1.0,High
2139,0.01,Low
2140,0.02,Low
2141,0.0,Low
2142,0.02,Low
2143,0.98,High
2144,0.01,Low
2145,0.0,Low
2146,0.99,High
2147,0.01,Low
2148,0.0,Low
2149,1.0,High
2150,0.0,Low
2151,0.99,High
2152,0.01,Low
2153,0.01,Low
2154,0.0,Low
2155,0.99,High
2156,1.0,High
2157,0.0,Low
2158,0.99,High
2159,0.01,Low
2160,0.0,Low
2161,0.01,Low
2162,0.99,High
2163,0.99,High
2164,1.0,High
2165,0.01,Low
2166,1.0,High
2167,0.98,High
2168,1.0,High
2169,0.01,Low
2170,0.0,Low
2171,0.99,High
2172,0.0,Low
2173,0.04,Low
2174,0.03,Low
2175,0.0,Low
2176,0.0,Low
2177,0.99,High
2178,0.02,Low
2179,0.01,Low
2180,0.97,High
2181,1.0,High
2182,0.01,Low
2183,0.99,High
2184,0.99,High
2185,1.0,High
2186,0.0,Low
2187,0.01,Low
2188,0.98,High
2189,1.0,High
2190,0.01,Low
2191,1.0,High
2192,0.0,Low
2193,0.99,High
2194,0.99,High
2195,0.01,Low
2196,0.97,High
2197,0.0,Low
2198,1.0,High
2199,0.0,Low
2200,1.0,High
2201,1.0,High
2202,0.0,Low
2203,0.0,Low
2204,1.0,High
2205,0.0,Low
2206,0.0,Low
2207,0.0,Low
2208,0.0,Low
2209,0.0,Low
2210,0.98,High
2211,0.0,Low
2212,0.0,Low
2213,0.99,High
2214,0.0,Low
2215,0.0,Low
2216,0.02,Low
2217,1.0,High
2218,0.0,Low
2219,0.99,High
2220,0.99,High
2221,0.0,Low
2222,0.99,High
2223,0.99,High
2224,0.0,Low
2225,0.0,Low
2226,1.0,High
2227,0.02,Low
2228,0.99,High
2229,0.0,Low
2230,0.0,Low
2231,0.98,High
2232,0.02,Low
2233,0.99,High
2234,1.0,High
2235,0.01,Low
2236,1.0,High
2237,0.01,Low
2238,0.99,High
2239,0.01,Low
2240,0.01,Low
2241,0.99,High
2242,1.0,High
2243,0.0,Low
2244,1.0,High
2245,0.0,Low
2246,1.0,High
2247,0.01,Low
2248,0.0,Low
2249,0.01,Low
2250,1.0,High
2251,1.0,High
2252,0.01,Low
2253,0.98,High
2254,1.0,High
2255,0.01,Low
2256,0.99,High
2257,0.04,Low
2258,0.94,High
2259,0.0,Low
2260,1.0,High
2261,0.01,Low
2262,1.0,High
2263,1.0,High
2264,1.0,High
2265,0.0,Low
2266,1.0,High
2267,0.0,Low
2268,0.0,Low
2269,0.98,High
2270,0.0,Low
2271,1.0,High
2272,0.99,High
2273,0.03,Low
2274,0.01,Low
2275,0.98,High
2276,1.0,High
2277,0.03,Low
2278,0.99,High
2279,0.05,Low
2280,0.99,High
2281,0.98,High
2282,1.0,High
2283,0.0,Low
2284,0.99,High
2285,0.0,Low
2286,0.0,Low
2287,1.0,High
2288,0.0,Low
2289,0.91,High
2290,0.01,Low
2291,0.99,High
2292,0.0,Low
2293,1.0,High
2294,0.0,Low
2295,1.0,High
2296,0.99,High
2297,0.02,Low
2298,1.0,High
2299,1.0,High
2300,0.06,Low
2301,0.0,Low
2302,1.0,High
2303,1.0,High
2304,0.01,Low
2305,1.0,High
2306,1.0,High
2307,0.0,Low
2308,0.01,Low
2309,0.99,High
2310,0.02,Low
2311,0.99,High
2312,0.0,Low
2313,0.0,Low
2314,0.0,Low
2315,0.01,Low
2316,0.98,High
2317,1.0,High
2318,0.0,Low
2319,1.0,High
2320,0.99,High
2321,1.0,High
2322,0.98,High
2323,0.0,Low
2324,1.0,High
2325,0.0,Low
2326,0.02,Low
2327,0.01,Low
2328,0.97,High
2329,0.0,Low
2330,0.0,Low
2331,0.99,High
2332,1.0,High
2333,0.01,Low
2334,0.02,Low
2335,0.97,High
2336,0.01,Low
2337,0.01,Low
2338,1.0,High
2339,1.0,High
2340,0.0,Low
2341,1.0,High
2342,0.0,Low
2343,0.96,High
2344,0.0,Low
2345,0.0,Low
2346,1.0,High
2347,0.99,High
2348,0.0,Low
2349,1.0,High
2350,0.0,Low
2351,1.0,High
2352,0.0,Low
2353,0.0,Low
2354,1.0,High
2355,0.02,Low
2356,1.0,High
2357,1.0,High
2358,0.0,Low
2359,0.99,High
2360,0.01,Low
2361,0.0,Low
2362,0.0,Low
2363,1.0,High
2364,0.01,Low
2365,1.0,High
2366,0.01,Low
2367,0.01,Low
2368,0.98,High
2369,0.99,High
2370,0.01,Low
2371,0.99,High
2372,0.0,Low
2373,1.0,High
2374,0.0,Low
2375,1.0,High
2376,1.0,High
2377,1.0,High
2378,0.02,Low
2379,0.0,Low
2380,0.0,Low
2381,0.99,High
2382,0.01,Low
2383,0.01,Low
2384,1.0,High
2385,1.0,High
2386,0.0,Low
2387,1.0,High
2388,0.0,Low
2389,1.0,High
2390,0.01,Low
2391,0.0,Low
2392,0.0,Low
2393,1.0,High
2394,0.01,Low
2395,1.0,High
2396,0.99,High
2397,0.99,High
2398,0.02,Low
2399,1.0,High
2400,0.01,Low
2401,0.0,Low
2402,0.01,Low
2403,0.99,High
2404,0.0,Low
2405,1.0,High
2406,0.98,High
2407,0.0,Low
2408,1.0,High
2409,0.99,High
2410,0.0,Low
2411,0.98,High
2412,0.02,Low
2413,0.0,Low
2414,1.0,High
2415,0.0,Low
2416,1.0,High
2417,0.93,High
2418,0.01,Low
2419,0.01,Low
2420,1.0,High
2421,0.99,High
2422,0.0,Low
2423,0.99,High
2424,1.0,High
2425,0.01,Low
2426,0.0,Low
2427,0.99,High
2428,1.0,High
2429,0.0,Low
2430,1.0,High
2431,0.98,High
2432,0.01,Low
2433,0.04,Low
2434,0.99,High
2435,0.0,Low
2436,0.01,Low
2437,0.98,High
2438,0.0,Low
2439,0.05,Low
2440,0.0,Low
2441,1.0,High
2442,0.0,Low
2443,0.0,Low
2444,0.03,Low
2445,1.0,High
2446,0.0,Low
2447,1.0,High
2448,0.02,Low
2449,0.0,Low
2450,0.98,High
2451,0.03,Low
2452,1.0,High
2453,1.0,High
2454,0.03,Low
2455,1.0,High
2456,0.01,Low
2457,1.0,High
2458,0.01,Low
2459,0.99,High
2460,0.01,Low
2461,0.99,High
2462,0.99,High
2463,0.0,Low
2464,0.01,Low
2465,0.99,High
2466,0.98,High
2467,0.99,High
2468,0.01,Low
2469,1.0,High
2470,0.03,Low
2471,0.0,Low
2472,1.0,High
2473,1.0,High
2474,0.0,Low
2475,1.0,High
2476,0.97,High
2477,0.98,High
2478,0.01,Low
2479,0.02,Low
2480,0.02,Low
2481,0.03,Low
2482,0.0,Low
2483,0.96,High
2484,0.03,Low
2485,0.0,Low
2486,0.99,High
2487,0.01,Low
2488,1.0,High
2489,0.01,Low
2490,1.0,High
2491,0.99,High
2492,0.0,Low
2493,0.08,Low
2494,0.0,Low
2495,1.0,High
2496,0.01,Low
2497,0.99,High
2498,0.0,Low
2499,0.0,Low
2500,1.0,High
2501,0.0,Low
2502,0.03,Low
2503,0.01,Low
2504,0.0,Low
2505,1.0,High
2506,0.01,Low
2507,0.99,High
2508,0.98,High
2509,0.01,Low
2510,1.0,High
2511,0.0,Low
2512,0.99,High
2513,0.99,High
2514,0.0,Low
2515,0.0,Low
2516,0.0,Low
2517,0.98,High
2518,0.99,High
2519,0.02,Low
2520,1.0,High
2521,0.99,High
2522,0.0,Low
2523,0.99,High
2524,0.0,Low
2525,0.99,High
2526,0.01,Low
2527,0.99,High
2528,0.99,High
2529,0.03,Low
2530,0.99,High
2531,0.0,Low
2532,1.0,High
2533,0.0,Low
2534,0.98,High
2535,0.98,High
2536,0.99,High
2537,0.02,Low
2538,0.0,Low
2539,0.01,Low
2540,0.01,Low
2541,1.0,High
2542,0.99,High
2543,0.0,Low
2544,0.99,High
2545,0.02,Low
2546,1.0,High
2547,1.0,High
2548,0.01,Low
2549,0.02,Low
2550,0.99,High
2551,0.01,Low
2552,1.0,High
2553,1.0,High
2554,0.0,Low
2555,0.0,Low
2556,0.0,Low
2557,0.0,Low
2558,1.0,High
2559,0.0,Low
2560,1.0,High
2561,0.0,Low
2562,0.01,Low
2563,0.0,Low
2564,1.0,High
2565,0.03,Low
2566,0.0,Low
2567,0.0,Low
2568,1.0,High
2569,0.06,Low
2570,1.0,High
2571,0.97,High
2572,0.0,Low
2573,0.0,Low
2574,1.0,High
2575,1.0,High
2576,0.01,Low
2577,1.0,High
2578,0.01,Low
2579,0.97,High
2580,0.99,High
2581,0.01,Low
2582,0.98,High
2583,0.03,Low
2584,0.01,Low
2585,0.03,Low
2586,1.0,High
2587,0.03,Low
2588,1.0,High
2589,0.99,High
2590,0.0,Low
2591,0.99,High
2592,0.0,Low
2593,1.0,High
2594,1.0,High
2595,0.03,Low
2596,0.02,Low
2597,0.98,High
2598,0.0,Low
2599,0.01,Low
2600,0.95,High
2601,0.0,Low
2602,0.02,Low
2603,0.0,Low
2604,1.0,High
2605,0.0,Low
2606,0.99,High
2607,0.0,Low
2608,0.99,High
2609,1.0,High
2610,0.0,Low
2611,0.99,High
2612,0.98,High
2613,0.0,Low
2614,0.0,Low
2615,0.01,Low
2616,0.99,High
2617,0.98,High
2618,0.02,Low
2619,0.94,High
2620,1.0,High
2621,1.0,High
2622,0.03,Low
2623,0.99,High
2624,0.99,High
2625,0.0,Low
2626,0.01,Low
2627,0.0,Low
2628,1.0,High
2629,0.98,High
2630,0.02,Low
2631,0.0,Low
2632,0.0,Low
2633,1.0,High
2634,0.02,Low
2635,0.99,High
2636,0.01,Low
2637,1.0,High
2638,0.0,Low
2639,0.02,Low
2640,0.99,High
2641,0.99,High
2642,0.01,Low
2643,0.99,High
2644,1.0,High
2645,0.0,Low
2646,0.0,Low
2647,0.99,High
2648,0.01,Low
2649,0.98,High
2650,0.0,Low
2651,0.01,Low
2652,0.0,Low
2653,0.0,Low
2654,1.0,High
2655,0.03,Low
2656,0.0,Low
2657,0.0,Low
2658,0.93,High
2659,0.01,Low
2660,1.0,High
2661,0.01,Low
2662,1.0,High
2663,1.0,High
2664,0.0,Low
2665,1.0,High
2666,1.0,High
2667,0.0,Low
2668,1.0,High
2669,0.0,Low
2670,1.0,High
2671,0.01,Low
2672,0.99,High
2673,0.01,Low
2674,1.0,High
2675,0.01,Low
2676,1.0,High
2677,0.99,High
2678,0.0,Low
2679,0.99,High
2680,0.98,High
2681,0.06,Low
2682,0.99,High
2683,0.0,Low
2684,0.0,Low
2685,0.01,Low
2686,0.99,High
2687,1.0,High
2688,0.0,Low
2689,1.0,High
2690,0.03,Low
2691,0.0,Low
2692,1.0,High
2693,0.01,Low
2694,0.93,High
2695,0.01,Low
2696,1.0,High
2697,0.99,High
2698,0.0,Low
2699,0.99,High
2700,1.0,High
2701,0.02,Low
2702,0.01,Low
2703,0.01,Low
2704,1.0,High
2705,1.0,High
2706,0.0,Low
2707,0.04,Low
2708,1.0,High
2709,0.99,High
2710,0.01,Low
2711,0.0,Low
2712,0.0,Low
2713,0.01,Low
2714,0.98,High
2715,1.0,High
2716,0.0,Low
2717,0.0,Low
2718,0.99,High
2719,0.01,Low
2720,0.99,High
2721,1.0,High
2722,0.0,Low
2723,1.0,High
2724,1.0,High
2725,0.0,Low
2726,1.0,High
2727,0.01,Low
2728,0.02,Low
2729,0.0,Low
2730,0.01,Low
2731,0.97,High
2732,0.0,Low
2733,0.0,Low
2734,0.97,High
2735,0.0,Low
2736,0.0,Low
2737,1.0,High
2738,0.01,Low
2739,0.0,Low
2740,0.99,High
2741,0.99,High
2742,1.0,High
2743,0.04,Low
2744,0.01,Low
2745,1.0,High
2746,0.98,High
2747,0.02,Low
2748,1.0,High
2749,0.01,Low
2750,0.01,Low
2751,0.98,High
2752,1.0,High
2753,1.0,High
2754,0.0,Low
2755,0.99,High
2756,0.0,Low
2757,1.0,High
2758,1.0,High
2759,0.0,Low
2760,1.0,High
2761,0.0,Low
2762,1.0,High
2763,0.99,High
2764,0.01,Low
2765,0.99,High
2766,0.01,Low
2767,0.01,Low
2768,1.0,High
2769,1.0,High
2770,0.0,Low
2771,0.0,Low
2772,1.0,High
2773,1.0,High
2774,0.0,Low
2775,1.0,High
2776,0.0,Low
2777,1.0,High
2778,0.99,High
2779,0.97,High
2780,0.01,Low
2781,0.0,Low
2782,0.99,High
2783,0.99,High
2784,0.01,Low
2785,0.0,Low
2786,0.01,Low
2787,0.0,Low
2788,0.99,High
2789,0.01,Low
2790,0.01,Low
2791,0.99,High
2792,0.0,Low
2793,1.0,High
2794,0.99,High
2795,1.0,High
2796,0.01,Low
2797,0.0,Low
2798,1.0,High
2799,1.0,High
2800,1.0,High
2801,0.0,Low
2802,0.0,Low
2803,0.99,High
2804,0.0,Low
2805,1.0,High
2806,0.0,Low
2807,0.0,Low
2808,1.0,High
2809,0.0,Low
2810,0.99,High
2811,0.04,Low
2812,0.01,Low
2813,0.0,Low
2814,1.0,High
2815,1.0,High
2816,0.0,Low
2817,0.0,Low
2818,0.98,High
2819,0.98,High
2820,0.0,Low
2821,0.03,Low
2822,1.0,High
2823,0.01,Low
2824,0.99,High
2825,1.0,High
2826,0.0,Low
2827,0.02,Low
2828,1.0,High
2829,1.0,High
2830,0.98,High
2831,0.01,Low
2832,0.98,High
2833,0.0,Low
2834,0.0,Low
2835,1.0,High
2836,1.0,High
2837,0.99,High
2838,1.0,High
2839,0.0,Low
2840,0.99,High
2841,0.98,High
2842,0.0,Low
2843,0.05,Low
2844,1.0,High
2845,1.0,High
2846,0.0,Low
2847,0.01,Low
2848,0.01,Low
2849,1.0,High
2850,0.0,Low
2851,1.0,High
2852,0.0,Low
2853,1.0,High
2854,0.99,High
2855,1.0,High
2856,0.99,High
2857,0.0,Low
2858,0.02,Low
2859,1.0,High
2860,0.99,High
2861,0.96,High
2862,0.01,Low
2863,0.04,Low
2864,1.0,High
2865,0.0,Low
2866,0.03,Low
2867,0.98,High
2868,1.0,High
2869,0.0,Low
2870,0.0,Low
2871,0.02,Low
2872,0.98,High
2873,0.99,High
2874,0.02,Low
2875,0.01,Low
2876,0.0,Low
2877,0.99,High
2878,0.02,Low
2879,0.01,Low
2880,0.99,High
2881,0.0,Low
2882,0.99,High
2883,1.0,High
2884,0.0,Low
2885,0.0,Low
2886,0.0,Low
2887,1.0,High
2888,0.0,Low
2889,0.0,Low
2890,0.01,Low
2891,0.01,Low
2892,1.0,High
2893,0.0,Low
2894,1.0,High
2895,0.0,Low
2896,1.0,High
2897,0.98,High
2898,0.03,Low
2899,0.0,Low
2900,1.0,High
2901,0.99,High
2902,0.01,Low
2903,1.0,High
2904,0.03,Low
2905,1.0,High
2906,0.01,Low
2907,1.0,High
2908,0.0,Low
2909,0.0,Low
2910,0.0,Low
2911,1.0,High
2912,0.01,Low
2913,0.99,High
2914,1.0,High
2915,0.0,Low
2916,0.01,Low
2917,0.98,High
2918,0.01,Low
2919,0.98,High
2920,1.0,High
2921,0.0,Low
2922,0.01,Low
2923,0.99,High
2924,0.01,Low
2925,1.0,High
2926,0.01,Low
2927,0.0,Low
2928,1.0,High
2929,0.99,High
2930,0.01,Low
2931,0.03,Low
2932,0.0,Low
2933,0.0,Low
2934,0.0,Low
2935,0.0,Low
2936,0.0,Low
2937,0.99,High
2938,0.01,Low
2939,0.0,Low
2940,0.99,High
2941,0.98,High
2942,0.0,Low
2943,0.0,Low
2944,0.0,Low
2945,1.0,High
2946,0.01,Low
2947,0.0,Low
2948,0.99,High
2949,0.01,Low
2950,0.98,High
2951,1.0,High
2952,0.01,Low
2953,1.0,High
2954,1.0,High
2955,1.0,High
2956,0.98,High
2957,0.01,Low
2958,0.99,High
2959,0.02,Low
2960,0.01,Low
2961,0.98,High
2962,1.0,High
2963,0.0,Low
2964,0.99,High
2965,1.0,High
2966,0.0,Low
2967,0.99,High
2968,0.01,Low
2969,0.0,Low
2970,0.01,Low
2971,0.02,Low
2972,0.01,Low
2973,1.0,High
2974,0.01,Low
2975,0.0,Low
2976,0.99,High
2977,0.99,High
2978,0.98,High
2979,0.01,Low
2980,0.0,Low
2981,0.0,Low
2982,0.01,Low
2983,1.0,High
2984,1.0,High
2985,0.0,Low
2986,0.99,High
2987,0.01,Low
2988,1.0,High
2989,0.99,High
2990,0.0,Low
2991,0.01,Low
2992,1.0,High
2993,0.99,High
2994,0.0,Low
2995,1.0,High
2996,1.0,High
2997,0.01,Low
2998,1.0,High
2999,1.0,High
3000,0.01,Low
3001,1.0,High
3002,0.02,Low
3003,0.98,High
3004,0.0,Low
3005,0.0,Low
3006,0.99,High
3007,0.03,Low
3008,1.0,High
3009,0.0,Low
3010,0.01,Low
3011,0.97,High
3012,1.0,High
3013,0.01,Low
3014,0.0,Low
3015,0.0,Low
3016,0.99,High
3017,1.0,High
3018,0.0,Low
3019,0.99,High
3020,0.99,High
3021,1.0,High
3022,0.99,High
3023,0.01,Low
3024,0.02,Low
3025,0.99,High
3026,1.0,High
3027,0.98,High
3028,0.04,Low
3029,0.0,Low
3030,0.98,High
3031,0.99,High
3032,0.0,Low
3033,0.97,High
3034,1.0,High
3035,0.01,Low
3036,0.01,Low
3037,0.99,High
3038,0.99,High
3039,0.02,Low
3040,1.0,High
3041,0.01,Low
3042,0.99,High
3043,0.01,Low
3044,1.0,High
3045,0.01,Low
3046,0.99,High
3047,1.0,High
3048,1.0,High
3049,0.0,Low
3050,0.0,Low
3051,1.0,High
3052,1.0,High
3053,0.01,Low
3054,0.0,Low
3055,0.0,Low
3056,0.99,High
3057,1.0,High
3058,0.99,High
3059,0.0,Low
3060,0.0,Low
3061,0.99,High
3062,1.0,High
3063,0.99,High
3064,0.98,High
3065,0.0,Low
3066,0.0,Low
3067,0.01,Low
3068,0.98,High
3069,0.99,High
3070,0.99,High
3071,0.0,Low
3072,0.0,Low
3073,0.0,Low
3074,0.94,High
3075,0.98,High
3076,1.0,High
3077,0.0,Low
3078,0.99,High
3079,0.99,High
3080,0.01,Low
3081,0.01,Low
3082,0.02,Low
3083,0.99,High
3084,0.0,Low
3085,0.96,High
3086,0.99,High
3087,1.0,High
3088,0.0,Low
3089,1.0,High
3090,0.04,Low
3091,0.98,High
3092,0.0,Low
3093,0.01,Low
3094,0.0,Low
3095,0.04,Low
3096,0.99,High
3097,0.01,Low
3098,0.02,Low
3099,1.0,High
3100,0.99,High
3101,0.01,Low
3102,0.01,Low
3103,0.98,High
3104,0.98,High
3105,0.0,Low
3106,0.0,Low
3107,0.0,Low
3108,1.0,High
3109,0.01,Low
3110,1.0,High
3111,0.99,High
3112,1.0,High
3113,0.01,Low
3114,0.99,High
3115,0.98,High
3116,0.98,High
3117,0.02,Low
3118,0.01,Low
3119,1.0,High
3120,0.0,Low
3121,0.0,Low
3122,1.0,High
3123,0.0,Low
3124,0.0,Low
3125,1.0,High
3126,0.01,Low
3127,1.0,High
3128,0.03,Low
3129,1.0,High
3130,0.0,Low
3131,0.02,Low
3132,0.99,High
3133,0.01,Low
3134,0.0,Low
3135,0.99,High
3136,1.0,High
3137,0.01,Low
3138,0.98,High
3139,0.02,Low
3140,0.97,High
3141,0.03,Low
3142,1.0,High
3143,0.0,Low
3144,1.0,High
3145,0.99,High
3146,0.01,Low
3147,0.01,Low
3148,0.02,Low
3149,0.0,Low
3150,0.01,Low
3151,0.0,Low
3152,0.04,Low
3153,0.98,High
3154,0.0,Low
3155,0.01,Low
3156,0.03,Low
3157,0.01,Low
3158,0.0,Low
3159,0.01,Low
3160,0.99,High
3161,1.0,High
3162,0.02,Low
3163,0.0,Low
3164,1.0,High
3165,0.0,Low
3166,0.02,Low
3167,0.0,Low
3168,1.0,High
3169,0.0,Low
3170,1.0,High
3171,1.0,High
3172,0.01,Low
3173,0.99,High
3174,0.0,Low
3175,1.0,High
3176,1.0,High
3177,0.01,Low
3178,1.0,High
3179,0.02,Low
3180,1.0,High
3181,0.01,Low
3182,0.01,Low
3183,1.0,High
3184,1.0,High
3185,0.0,Low
3186,1.0,High
3187,0.0,Low
3188,1.0,High
3189,0.99,High
3190,0.01,Low
3191,0.01,Low
3192,1.0,High
3193,1.0,High
3194,0.0,Low
3195,0.03,Low
3196,1.0,High
3197,0.0,Low
3198,0.99,High
3199,1.0,High
3200,0.99,High
3201,0.01,Low
3202,0.92,High
3203,0.0,Low
3204,0.0,Low
3205,0.99,High
3206,1.0,High
3207,0.02,Low
3208,0.02,Low
3209,0.99,High
3210,0.0,Low
3211,1.0,High
3212,1.0,High
3213,0.0,Low
3214,0.02,Low
3215,1.0,High
3216,1.0,High
3217,0.02,Low
3218,0.02,Low
3219,0.99,High
3220,0.99,High
3221,0.99,High
3222,0.99,High
3223,0.01,Low
3224,1.0,High
3225,0.0,Low
3226,0.0,Low
3227,0.0,Low
3228,0.0,Low
3229,0.03,Low
3230,0.0,Low
3231,1.0,High
3232,0.0,Low
3233,0.96,High
3234,0.0,Low
3235,1.0,High
3236,0.01,Low
3237,0.92,High
3238,0.99,High
3239,0.99,High
3240,1.0,High
3241,0.0,Low
3242,1.0,High
3243,0.0,Low
3244,0.96,High
3245,0.01,Low
3246,0.01,Low
3247,1.0,High
3248,1.0,High
3249,0.0,Low
3250,0.0,Low
3251,0.01,Low
3252,1.0,High
3253,0.02,Low
3254,0.02,Low
3255,1.0,High
3256,0.99,High
3257,0.0,Low
3258,1.0,High
3259,1.0,High
3260,0.0,Low
3261,1.0,High
3262,0.01,Low
3263,1.0,High
3264,0.99,High
3265,0.0,Low
3266,0.99,High
3267,0.0,Low
3268,0.0,Low
3269,0.99,High
3270,1.0,High
3271,0.02,Low
3272,0.01,Low
3273,1.0,High
3274,0.0,Low
3275,0.0,Low
3276,0.99,High
3277,0.99,High
3278,0.0,Low
3279,0.03,Low
3280,0.0,Low
3281,0.98,High
3282,1.0,High
3283,0.01,Low
3284,0.0,Low
3285,1.0,High
3286,0.02,Low
3287,0.0,Low
3288,0.99,High
3289,0.0,Low
3290,0.99,High
3291,0.0,Low
3292,0.0,Low
3293,0.99,High
3294,0.99,High
3295,0.0,Low
3296,0.98,High
3297,0.0,Low
3298,1.0,High
3299,1.0,High
3300,1.0,High
3301,0.0,Low
3302,0.0,Low
3303,0.98,High
3304,0.01,Low
3305,0.0,Low
3306,0.0,Low
3307,0.99,High
3308,1.0,High
3309,0.01,Low
3310,0.99,High
3311,0.99,High
3312,0.02,Low
3313,0.0,Low
3314,1.0,High
3315,1.0,High
3316,0.01,Low
3317,0.01,Low
3318,1.0,High
3319,1.0,High
3320,0.03,Low
3321,0.99,High
3322,0.98,High
3323,0.01,Low
3324,0.02,Low
3325,0.0,Low
3326,1.0,High
3327,0.01,Low
3328,0.99,High
3329,1.0,High
3330,0.02,Low
3331,0.99,High
3332,0.0,Low
3333,1.0,High
3334,0.99,High
3335,0.0,Low
3336,0.0,Low
3337,0.0,Low
3338,1.0,High
3339,0.0,Low
3340,0.02,Low
3341,0.99,High
3342,0.0,Low
3343,0.0,Low
3344,0.0,Low
3345,0.93,High
3346,0.0,Low
3347,0.99,High
3348,0.99,High
3349,1.0,High
3350,0.0,Low
3351,0.0,Low
3352,1.0,High
3353,0.98,High
3354,0.0,Low
3355,0.01,Low
3356,0.01,Low
3357,0.99,High
3358,0.0,Low
3359,1.0,High
3360,0.99,High
3361,0.01,Low
3362,0.99,High
3363,1.0,High
3364,1.0,High
3365,0.0,Low
3366,0.0,Low
3367,0.96,High
3368,0.03,Low
3369,1.0,High
3370,0.0,Low
3371,0.06,Low
3372,0.0,Low
3373,1.0,High
3374,1.0,High
3375,1.0,High
3376,0.0,Low
3377,1.0,High
3378,0.99,High
3379,0.0,Low
3380,0.0,Low
3381,0.0,Low
3382,1.0,High
3383,0.06,Low
3384,0.98,High
3385,0.0,Low
3386,0.99,High
3387,1.0,High
3388,0.02,Low
3389,0.02,Low
3390,1.0,High
3391,1.0,High
3392,0.01,Low
3393,0.95,High
3394,1.0,High
3395,0.0,Low
3396,0.01,Low
3397,1.0,High
3398,0.0,Low
3399,0.98,High
3400,0.96,High
3401,0.0,Low
3402,0.99,High
3403,0.02,Low
3404,1.0,High
3405,1.0,High
3406,0.0,Low
3407,1.0,High
3408,0.01,Low
3409,0.0,Low
3410,0.01,Low
3411,0.98,High
3412,0.0,Low
3413,0.01,Low
3414,0.0,Low
3415,1.0,High
3416,0.0,Low
3417,0.02,Low
3418,0.0,Low
3419,0.0,Low
3420,0.01,Low
3421,0.01,Low
3422,0.0,Low
3423,1.0,High
3424,0.0,Low
3425,1.0,High
3426,0.99,High
3427,1.0,High
3428,0.0,Low
3429,1.0,High
3430,0.01,Low
3431,0.98,High
3432,0.96,High
3433,0.0,Low
3434,0.0,Low
3435,1.0,High
3436,0.0,Low
3437,1.0,High
3438,0.98,High
3439,0.0,Low
3440,0.0,Low
3441,1.0,High
3442,0.99,High
3443,0.0,Low
3444,0.0,Low
3445,0.93,High
3446,0.05,Low
3447,1.0,High
3448,0.0,Low
3449,0.0,Low
3450,0.0,Low
3451,0.01,Low
3452,1.0,High
3453,0.0,Low
3454,1.0,High
3455,0.0,Low
3456,0.98,High
3457,1.0,High
3458,0.01,Low
3459,1.0,High
3460,0.98,High
3461,0.0,Low
3462,0.99,High
3463,0.01,Low
3464,0.0,Low
3465,1.0,High
3466,0.0,Low
3467,0.01,Low
3468,0.99,High
3469,0.99,High
3470,0.0,Low
3471,0.99,High
3472,0.0,Low
3473,0.0,Low
3474,0.99,High
3475,0.02,Low
3476,0.99,High
3477,0.01,Low
3478,0.02,Low
3479,1.0,High
3480,0.99,High
3481,0.02,Low
3482,0.01,Low
3483,0.01,Low
3484,1.0,High
3485,1.0,High
3486,0.0,Low
3487,1.0,High
3488,0.96,High
3489,0.01,Low
3490,0.99,High
3491,0.98,High
3492,0.0,Low
3493,1.0,High
3494,0.01,Low
3495,0.0,Low
3496,0.99,High
3497,1.0,High
3498,0.0,Low
3499,0.0,Low
3500,0.99,High
3501,0.98,High
3502,1.0,High
3503,0.0,Low
3504,0.05,Low
3505,1.0,High
3506,1.0,High
3507,0.0,Low
3508,1.0,High
3509,0.98,High
3510,0.0,Low
3511,0.0,Low
3512,1.0,High
3513,0.99,High
3514,0.01,Low
3515,0.01,Low
3516,0.01,Low
3517,1.0,High
3518,0.0,Low
3519,0.0,Low
3520,0.99,High
3521,0.0,Low
3522,0.01,Low
3523,1.0,High
3524,0.0,Low
3525,0.0,Low
3526,0.0,Low
3527,0.0,Low
3528,0.0,Low
3529,0.0,Low
3530,1.0,High
3531,0.0,Low
3532,0.0,Low
3533,1.0,High
3534,0.0,Low
3535,0.99,High
3536,0.01,Low
3537,1.0,High
3538,1.0,High
3539,0.0,Low
3540,0.0,Low
3541,1.0,High
3542,0.98,High
3543,0.0,Low
3544,0.02,Low
3545,1.0,High
3546,0.0,Low
3547,0.98,High
3548,0.99,High
3549,0.99,High
3550,0.01,Low
3551,1.0,High
3552,0.01,Low
3553,0.0,Low
3554,1.0,High
3555,0.99,High
3556,0.0,Low
3557,0.0,Low
3558,1.0,High
3559,0.0,Low
3560,0.0,Low
3561,1.0,High
3562,0.01,Low
3563,0.02,Low
3564,0.0,Low
3565,1.0,High
3566,1.0,High
3567,0.0,Low
3568,0.0,Low
3569,1.0,High
3570,0.01,Low
3571,0.0,Low
3572,0.99,High
3573,0.99,High
3574,0.0,Low
3575,0.99,High
3576,0.01,Low
3577,0.03,Low
3578,0.0,Low
3579,1.0,High
3580,0.0,Low
3581,0.99,High
3582,1.0,High
3583,1.0,High
3584,0.98,High
3585,0.02,Low
3586,0.0,Low
3587,0.99,High
3588,0.02,Low
3589,0.03,Low
3590,0.01,Low
3591,0.98,High
3592,1.0,High
3593,0.0,Low
3594,1.0,High
3595,1.0,High
3596,0.99,High
3597,0.01,Low
3598,0.0,Low
3599,0.0,Low
3600,0.0,Low
3601,0.05,Low
3602,0.98,High
3603,0.97,High
3604,0.98,High
3605,0.0,Low
3606,1.0,High
3607,1.0,High
3608,0.0,Low
3609,0.0,Low
3610,1.0,High
3611,0.95,High
3612,1.0,High
3613,0.0,Low
3614,0.94,High
3615,1.0,High
3616,0.0,Low
3617,1.0,High
3618,0.0,Low
3619,0.01,Low
3620,1.0,High
3621,1.0,High
3622,0.01,Low
3623,0.94,High
3624,0.0,Low
3625,0.0,Low
3626,0.99,High
3627,1.0,High
3628,1.0,High
3629,1.0,High
3630,0.0,Low
3631,0.0,Low
3632,0.99,High
3633,1.0,High
3634,0.0,Low
3635,1.0,High
3636,0.01,Low
3637,0.0,Low
3638,0.0,Low
3639,0.01,Low
3640,0.97,High
3641,1.0,High
3642,0.0,Low
3643,0.99,High
3644,0.0,Low
3645,0.0,Low
3646,1.0,High
3647,0.0,Low
3648,0.99,High
3649,0.99,High
3650,0.02,Low
3651,0.0,Low
3652,0.99,High
3653,0.02,Low
3654,0.0,Low
3655,1.0,High
3656,0.99,High
3657,0.0,Low
3658,1.0,High
3659,0.0,Low
3660,0.98,High
3661,0.97,High
3662,0.0,Low
3663,0.96,High
3664,0.0,Low
3665,1.0,High
3666,0.99,High
3667,0.0,Low
3668,0.0,Low
3669,1.0,High
3670,0.0,Low
3671,1.0,High
3672,0.04,Low
3673,0.0,Low
3674,0.99,High
3675,0.02,Low
3676,0.01,Low
3677,1.0,High
3678,0.0,Low
3679,0.0,Low
3680,1.0,High
3681,1.0,High
3682,0.02,Low
3683,0.02,Low
3684,0.0,Low
3685,1.0,High
3686,0.0,Low
3687,0.0,Low
3688,0.99,High
3689,0.98,High
3690,0.02,Low
3691,1.0,High
3692,1.0,High
3693,0.0,Low
3694,1.0,High
3695,0.01,Low
3696,1.0,High
3697,0.0,Low
3698,0.98,High
3699,0.0,Low
3700,0.0,Low
3701,0.0,Low
3702,0.0,Low
3703,0.0,Low
3704,0.99,High
3705,0.02,Low
3706,0.97,High
3707,0.03,Low
3708,0.98,High
3709,0.99,High
3710,0.99,High
3711,0.0,Low
3712,0.99,High
3713,0.01,Low
3714,0.0,Low
3715,1.0,High
3716,0.98,High
3717,0.99,High
3718,0.01,Low
3719,0.02,Low
3720,0.0,Low
3721,0.99,High
3722,0.99,High
3723,0.01,Low
3724,1.0,High
3725,0.02,Low
3726,0.0,Low
3727,1.0,High
3728,0.0,Low
3729,0.01,Low
3730,0.01,Low
3731,0.0,Low
3732,1.0,High
3733,0.98,High
3734,0.0,Low
3735,0.01,Low
3736,0.0,Low
3737,0.02,Low
3738,0.01,Low
3739,0.01,Low
3740,0.99,High
3741,1.0,High
3742,0.99,High
3743,0.0,Low
3744,1.0,High
3745,0.0,Low
3746,0.99,High
3747,0.0,Low
3748,0.02,Low
3749,0.97,High
3750,1.0,High
3751,1.0,High
3752,0.0,Low
3753,0.99,High
3754,0.0,Low
3755,0.02,Low
3756,1.0,High
3757,0.02,Low
3758,1.0,High
3759,0.0,Low
3760,1.0,High
3761,0.0,Low
3762,1.0,High
3763,1.0,High
3764,0.99,High
3765,0.02,Low
3766,0.98,High
3767,0.0,Low
3768,0.99,High
3769,0.99,High
3770,0.99,High
3771,0.01,Low
3772,0.02,Low
3773,0.0,Low
3774,1.0,High
3775,1.0,High
3776,0.01,Low
3777,0.01,Low
3778,0.0,Low
3779,0.0,Low
3780,1.0,High
3781,1.0,High
3782,0.99,High
3783,0.0,Low
3784,0.96,High
3785,0.99,High
3786,0.0,Low
3787,0.96,High
3788,0.01,Low
3789,0.99,High
3790,1.0,High
3791,0.01,Low
3792,0.96,High
3793,0.99,High
3794,0.0,Low
3795,0.98,High
3796,0.99,High
3797,0.01,Low
3798,0.01,Low
3799,0.01,Low
3800,0.99,High
3801,0.0,Low
3802,0.01,Low
3803,1.0,High
3804,0.01,Low
3805,1.0,High
3806,0.02,Low
3807,1.0,High
3808,0.02,Low
3809,0.99,High
3810,0.01,Low
3811,1.0,High
3812,0.01,Low
3813,1.0,High
3814,0.99,High
3815,1.0,High
3816,0.01,Low
3817,0.0,Low
3818,0.99,High
3819,0.0,Low
3820,0.0,Low
3821,0.0,Low
3822,0.0,Low
3823,0.01,Low
3824,1.0,High
3825,1.0,High
3826,0.01,Low
3827,0.0,Low
3828,0.01,Low
3829,1.0,High
3830,0.96,High
3831,0.0,Low
3832,0.01,Low
3833,0.99,High
3834,1.0,High
3835,0.0,Low
3836,0.01,Low
3837,0.98,High
3838,0.02,Low
3839,0.99,High
3840,0.01,Low
3841,0.0,Low
3842,1.0,High
3843,0.02,Low
3844,1.0,High
3845,0.0,Low
3846,0.99,High
3847,1.0,High
3848,0.99,High
3849,0.01,Low
3850,0.01,Low
3851,0.0,Low
3852,1.0,High
3853,1.0,High
3854,0.0,Low
3855,1.0,High
3856,1.0,High
3857,0.01,Low
3858,1.0,High
3859,1.0,High
3860,0.0,Low
3861,0.01,Low
3862,0.97,High
3863,0.99,High
3864,0.0,Low
3865,0.0,Low
3866,0.01,Low
3867,0.96,High
3868,0.95,High
3869,0.99,High
3870,0.01,Low
3871,0.01,Low
3872,1.0,High
3873,0.0,Low
3874,0.01,Low
3875,0.0,Low
3876,0.99,High
3877,0.0,Low
3878,0.0,Low
3879,0.01,Low
3880,0.99,High
3881,0.0,Low
3882,0.98,High
3883,0.03,Low
3884,0.99,High
3885,0.0,Low
3886,0.98,High
3887,0.99,High
3888,0.01,Low
3889,1.0,High
3890,1.0,High
3891,0.01,Low
3892,0.0,Low
3893,0.99,High
3894,1.0,High
3895,0.0,Low
3896,0.0,Low
3897,0.99,High
3898,0.03,Low
3899,0.01,Low
3900,1.0,High
3901,0.99,High
3902,0.01,Low
3903,0.04,Low
3904,0.98,High
3905,0.01,Low
3906,0.01,Low
3907,1.0,High
3908,0.0,Low
3909,0.99,High
3910,0.99,High
3911,0.0,Low
3912,0.0,Low
3913,0.98,High
3914,1.0,High
3915,0.0,Low
3916,1.0,High
3917,1.0,High
3918,0.0,Low
3919,0.99,High
3920,1.0,High
3921,0.0,Low
3922,0.0,Low
3923,0.03,Low
3924,1.0,High
3925,0.97,High
3926,0.99,High
3927,0.01,Low
3928,0.99,High
3929,0.01,Low
3930,0.99,High
3931,0.0,Low
3932,0.0,Low
3933,0.99,High
3934,0.98,High
3935,0.01,Low
3936,0.0,Low
3937,0.99,High
3938,0.99,High
3939,0.97,High
3940,0.97,High
3941,0.01,Low
3942,0.02,Low
3943,0.0,Low
3944,1.0,High
3945,1.0,High
3946,0.0,Low
3947,0.0,Low
3948,1.0,High
3949,0.0,Low
3950,0.0,Low
3951,1.0,High
3952,1.0,High
3953,0.0,Low
3954,0.99,High
3955,0.99,High
3956,0.0,Low
3957,0.0,Low
3958,1.0,High
3959,0.0,Low
3960,0.98,High
3961,0.0,Low
3962,1.0,High
3963,1.0,High
3964,1.0,High
3965,0.0,Low
3966,0.0,Low
3967,1.0,High
3968,0.01,Low
3969,0.02,Low
3970,0.99,High
3971,0.01,Low
3972,0.01,Low
3973,0.01,Low
3974,0.99,High
3975,0.98,High
3976,0.0,Low
3977,1.0,High
3978,0.04,Low
3979,1.0,High
3980,1.0,High
3981,0.01,Low
3982,0.0,Low
3983,0.99,High
3984,0.99,High
3985,0.0,Low
3986,1.0,High
3987,0.99,High
3988,0.02,Low
3989,0.96,High
3990,1.0,High
3991,0.0,Low
3992,0.99,High
3993,0.99,High
3994,0.01,Low
3995,0.98,High
3996,0.97,High
3997,0.0,Low
3998,0.0,Low
3999,1.0,High
4000,0.0,Low
4001,0.99,High
4002,0.0,Low
4003,0.99,High
4004,0.96,High
4005,0.01,Low
4006,1.0,High
4007,0.01,Low
4008,0.01,Low
4009,0.0,Low
4010,0.94,High
4011,0.0,Low
4012,1.0,High
4013,1.0,High
4014,0.02,Low
4015,0.01,Low
4016,1.0,High
4017,1.0,High
4018,0.01,Low
4019,0.99,High
4020,0.99,High
4021,1.0,High
4022,0.01,Low
4023,0.99,High
4024,0.01,Low
4025,1.0,High
4026,0.0,Low
4027,0.99,High
4028,0.0,Low
4029,1.0,High
4030,0.99,High
4031,0.0,Low
4032,0.0,Low
4033,1.0,High
4034,0.0,Low
4035,0.99,High
4036,0.0,Low
4037,0.0,Low
4038,1.0,High
4039,0.0,Low
4040,1.0,High
4041,0.0,Low
4042,1.0,High
4043,0.99,High
4044,0.02,Low
4045,0.02,Low
4046,0.97,High
4047,1.0,High
4048,0.0,Low
4049,1.0,High
4050,1.0,High
4051,0.0,Low
4052,0.0,Low
4053,0.99,High
4054,0.99,High
4055,0.99,High
4056,0.0,Low
4057,0.01,Low
4058,1.0,High
4059,1.0,High
4060,0.0,Low
4061,1.0,High
4062,0.0,Low
4063,0.01,Low
4064,0.0,Low
4065,0.0,Low
4066,0.0,Low
4067,1.0,High
4068,1.0,High
4069,0.0,Low
4070,1.0,High
4071,1.0,High
4072,0.01,Low
4073,0.99,High
4074,0.01,Low
4075,0.99,High
4076,0.99,High
4077,0.0,Low
4078,0.01,Low
4079,0.0,Low
4080,0.99,High
4081,0.01,Low
4082,0.99,High
4083,0.01,Low
4084,1.0,High
4085,1.0,High
4086,0.0,Low
4087,1.0,High
4088,1.0,High
4089,0.01,Low
4090,1.0,High
4091,0.0,Low
4092,1.0,High
4093,0.99,High
4094,0.97,High
4095,0.0,Low
4096,0.01,Low
4097,0.99,High
4098,0.0,Low
4099,1.0,High
4100,0.0,Low
4101,1.0,High
4102,0.0,Low
4103,1.0,High
4104,0.99,High
4105,0.0,Low
4106,1.0,High
4107,1.0,High
4108,1.0,High
4109,0.0,Low
4110,1.0,High
4111,0.01,Low
4112,0.0,Low
4113,0.98,High
4114,0.0,Low
4115,1.0,High
4116,0.99,High
4117,0.01,Low
4118,0.01,Low
4119,1.0,High
4120,0.01,Low
4121,0.02,Low
4122,1.0,High
4123,0.98,High
4124,0.0,Low
4125,1.0,High
4126,1.0,High
4127,0.0,Low
4128,0.0,Low
4129,0.99,High
4130,0.0,Low
4131,1.0,High
4132,0.0,Low
4133,0.02,Low
4134,0.98,High
4135,0.01,Low
4136,0.99,High
4137,1.0,High
4138,0.02,Low
4139,1.0,High
4140,0.01,Low
4141,0.99,High
4142,1.0,High
4143,0.0,Low
4144,0.01,Low
4145,0.0,Low
4146,1.0,High
4147,0.01,Low
4148,0.98,High
4149,0.01,Low
4150,0.0,Low
4151,1.0,High
4152,0.01,Low
4153,1.0,High
4154,0.02,Low
4155,0.0,Low
4156,0.0,Low
4157,0.99,High
4158,0.99,High
4159,0.0,Low
4160,1.0,High
4161,0.0,Low
4162,1.0,High
4163,0.01,Low
4164,0.99,High
4165,0.0,Low
4166,1.0,High
4167,0.01,Low
4168,1.0,High
4169,0.0,Low
4170,0.98,High
4171,1.0,High
4172,0.0,Low
4173,0.99,High
4174,0.01,Low
4175,0.0,Low
4176,1.0,High
4177,0.99,High
4178,0.0,Low
4179,0.01,Low
4180,0.0,Low
4181,0.0,Low
4182,0.99,High
4183,1.0,High
4184,0.0,Low
4185,0.01,Low
4186,0.0,Low
4187,1.0,High
4188,0.99,High
4189,0.0,Low
4190,0.99,High
4191,0.0,Low
4192,1.0,High
4193,0.0,Low
4194,1.0,High
4195,0.02,Low
4196,1.0,High
4197,0.99,High
4198,0.0,Low
4199,0.0,Low
4200,1.0,High
4201,0.01,Low
4202,0.97,High
4203,0.01,Low
4204,0.99,High
4205,0.97,High
4206,0.01,Low
4207,0.99,High
4208,0.0,Low
4209,1.0,High
4210,0.0,Low
4211,0.99,High
4212,0.0,Low
4213,1.0,High
4214,0.0,Low
4215,1.0,High
4216,0.0,Low
4217,1.0,High
4218,0.01,Low
4219,1.0,High
4220,1.0,High
4221,0.01,Low
4222,0.0,Low
4223,0.0,Low
4224,0.0,Low
4225,1.0,High
4226,0.0,Low
4227,0.99,High
4228,0.03,Low
4229,1.0,High
4230,0.99,High
4231,0.01,Low
4232,0.0,Low
4233,1.0,High
4234,0.0,Low
4235,0.01,Low
4236,0.0,Low
4237,1.0,High
4238,0.99,High
4239,0.0,Low
4240,0.01,Low
4241,0.0,Low
4242,0.99,High
4243,0.98,High
4244,0.01,Low
4245,0.99,High
4246,1.0,High
4247,0.01,Low
4248,0.0,Low
4249,0.0,Low
4250,0.99,High
4251,1.0,High
4252,0.99,High
4253,0.99,High
4254,0.0,Low
4255,0.01,Low
4256,1.0,High
4257,0.0,Low
4258,1.0,High
4259,0.01,Low
4260,0.96,High
4261,0.0,Low
4262,1.0,High
4263,0.01,Low
4264,0.99,High
4265,0.02,Low
4266,0.0,Low
4267,0.01,Low
4268,1.0,High
4269,0.01,Low
4270,0.01,Low
4271,0.99,High
4272,0.02,Low
4273,1.0,High
4274,0.98,High
4275,1.0,High
4276,0.0,Low
4277,0.0,Low
4278,1.0,High
4279,0.99,High
4280,0.0,Low
4281,1.0,High
4282,0.0,Low
4283,0.99,High
4284,1.0,High
4285,0.0,Low
4286,1.0,High
4287,0.0,Low
4288,0.99,High
4289,0.0,Low
4290,1.0,High
4291,0.01,Low
4292,0.0,Low
4293,0.02,Low
4294,0.98,High
4295,0.0,Low
4296,0.98,High
4297,1.0,High
4298,0.0,Low
4299,0.0,Low
4300,0.97,High
4301,1.0,High
4302,0.01,Low
4303,1.0,High
4304,0.01,Low
4305,0.01,Low
4306,0.99,High
4307,0.0,Low
4308,1.0,High
4309,0.99,High
4310,0.98,High
4311,0.01,Low
4312,0.01,Low
4313,0.99,High
4314,1.0,High
4315,0.01,Low
4316,1.0,High
4317,0.0,Low
4318,1.0,High
4319,0.0,Low
4320,0.99,High
4321,1.0,High
4322,0.01,Low
4323,1.0,High
4324,0.0,Low
4325,0.02,Low
4326,1.0,High
4327,0.0,Low
4328,1.0,High
4329,0.02,Low
4330,0.93,High
4331,0.99,High
4332,0.98,High
4333,0.0,Low
4334,1.0,High
4335,0.01,Low
4336,1.0,High
4337,0.0,Low
4338,1.0,High
4339,0.99,High
4340,0.0,Low
4341,1.0,High
4342,0.98,High
4343,0.0,Low
4344,0.02,Low
4345,0.0,Low
4346,0.99,High
4347,0.99,High
4348,0.02,Low
4349,0.93,High
4350,0.0,Low
4351,1.0,High
4352,1.0,High
4353,0.0,Low
4354,1.0,High
4355,0.0,Low
4356,0.96,High
4357,0.01,Low
4358,0.0,Low
4359,1.0,High
4360,1.0,High
4361,0.0,Low
4362,0.99,High
4363,0.99,High
4364,0.01,Low
4365,1.0,High
4366,0.01,Low
4367,1.0,High
4368,0.0,Low
4369,0.01,Low
4370,0.02,Low
4371,1.0,High
4372,0.97,High
4373,0.01,Low
4374,0.0,Low
4375,1.0,High
4376,0.0,Low
4377,1.0,High
4378,0.95,High
4379,0.0,Low
4380,0.99,High
4381,0.0,Low
4382,0.93,High
4383,0.99,High
4384,0.97,High
4385,0.02,Low
4386,0.0,Low
4387,0.99,High
4388,0.0,Low
4389,0.97,High
4390,0.02,Low
4391,0.98,High
4392,0.01,Low
4393,1.0,High
4394,0.0,Low
4395,0.01,Low
4396,1.0,High
4397,0.02,Low
4398,1.0,High
4399,0.01,Low
4400,0.02,Low
4401,1.0,High
4402,0.03,Low
4403,0.97,High
4404,0.02,Low
4405,1.0,High
4406,0.0,Low
4407,0.98,High
4408,0.0,Low
4409,0.0,Low
4410,0.99,High
4411,1.0,High
4412,1.0,High
4413,0.01,Low
4414,0.0,Low
4415,0.01,Low
4416,0.0,Low
4417,0.95,High
4418,1.0,High
4419,0.0,Low
4420,1.0,High
4421,0.04,Low
4422,0.0,Low
4423,1.0,High
4424,1.0,High
4425,0.0,Low
4426,0.0,Low
4427,1.0,High
4428,1.0,High
4429,1.0,High
4430,1.0,High
4431,0.0,Low
4432,0.98,High
4433,0.01,Low
4434,1.0,High
4435,0.01,Low
4436,1.0,High
4437,0.02,Low
4438,0.0,Low
4439,0.01,Low
4440,0.01,Low
4441,1.0,High
4442,0.0,Low
4443,0.0,Low
4444,0.99,High
4445,1.0,High
4446,0.0,Low
4447,1.0,High
4448,0.01,Low
4449,1.0,High
4450,1.0,High
4451,0.01,Low
4452,0.02,Low
4453,1.0,High
4454,0.0,Low
4455,1.0,High
4456,0.0,Low
4457,0.0,Low
4458,0.99,High
4459,1.0,High
4460,0.01,Low
4461,0.05,Low
4462,0.0,Low
4463,1.0,High
4464,1.0,High
4465,0.0,Low
4466,1.0,High
4467,0.0,Low
4468,1.0,High
4469,0.99,High
4470,0.98,High
4471,0.01,Low
4472,1.0,High
4473,0.0,Low
4474,1.0,High
4475,1.0,High
4476,1.0,High
4477,0.03,Low
4478,0.99,High
4479,0.01,Low
4480,0.0,Low
4481,0.0,Low
4482,1.0,High
4483,1.0,High
4484,0.01,Low
4485,1.0,High
4486,0.01,Low
4487,0.0,Low
4488,0.95,High
4489,0.99,High
4490,1.0,High
4491,0.99,High
4492,0.0,Low
4493,0.99,High
4494,0.0,Low
4495,1.0,High
4496,0.01,Low
4497,0.01,Low
4498,1.0,High
4499,0.01,Low
4500,0.98,High
4501,1.0,High
4502,0.0,Low
4503,1.0,High
4504,0.01,Low
4505,0.0,Low
4506,0.01,Low
4507,1.0,High
4508,0.01,Low
4509,0.95,High
4510,0.0,Low
4511,1.0,High
4512,0.0,Low
4513,0.96,High
4514,0.99,High
4515,1.0,High
4516,0.0,Low
4517,1.0,High
4518,0.99,High
4519,0.0,Low
4520,0.04,Low
4521,0.0,Low
4522,0.99,High
4523,0.01,Low
4524,0.97,High
4525,0.0,Low
4526,0.99,High
4527,0.01,Low
4528,0.98,High
4529,0.0,Low
4530,1.0,High
4531,0.01,Low
4532,0.01,Low
4533,1.0,High
4534,1.0,High
4535,0.0,Low
4536,1.0,High
4537,0.03,Low
4538,1.0,High
4539,1.0,High
4540,0.01,Low
4541,1.0,High
4542,0.01,Low
4543,1.0,High
4544,0.01,Low
4545,0.0,Low
4546,0.99,High
4547,0.98,High
4548,0.01,Low
4549,1.0,High
4550,0.01,Low
4551,1.0,High
4552,0.0,Low
4553,1.0,High
4554,1.0,High
4555,1.0,High
4556,0.01,Low
4557,0.98,High
4558,1.0,High
4559,0.01,Low
4560,0.0,Low
4561,0.98,High
4562,0.99,High
4563,1.0,High
4564,0.0,Low
4565,1.0,High
4566,0.0,Low
4567,0.0,Low
4568,0.99,High
4569,1.0,High
4570,0.01,Low
4571,1.0,High
4572,0.99,High
4573,0.01,Low
4574,1.0,High
4575,1.0,High
4576,0.0,Low
4577,0.98,High
4578,0.01,Low
4579,0.0,Low
4580,1.0,High
4581,1.0,High
4582,0.0,Low
4583,1.0,High
4584,0.98,High
4585,0.97,High
4586,0.06,Low
4587,0.0,Low
4588,0.0,Low
4589,0.99,High
4590,0.99,High
4591,1.0,High
4592,0.01,Low
4593,1.0,High
4594,1.0,High
4595,0.0,Low
4596,0.05,Low
4597,1.0,High
4598,0.0,Low
4599,0.0,Low
4600,1.0,High
4601,0.0,Low
4602,0.01,Low
4603,1.0,High
4604,0.0,Low
4605,0.99,High
4606,0.99,High
4607,0.98,High
4608,0.0,Low
4609,0.99,High
4610,0.03,Low
4611,0.98,High
4612,0.0,Low
4613,1.0,High
4614,0.99,High
4615,0.01,Low
4616,1.0,High
4617,0.99,High
4618,0.0,Low
4619,0.96,High
4620,0.0,Low
4621,1.0,High
4622,0.01,Low
4623,0.99,High
4624,0.99,High
4625,0.0,Low
4626,0.99,High
4627,1.0,High
4628,0.0,Low
4629,1.0,High
4630,1.0,High
4631,0.01,Low
4632,1.0,High
4633,1.0,High
4634,0.0,Low
4635,1.0,High
4636,0.0,Low
4637,1.0,High
4638,0.0,Low
4639,1.0,High
4640,1.0,High
4641,0.0,Low
4642,0.0,Low
4643,0.99,High
4644,0.01,Low
4645,1.0,High
4646,0.0,Low
4647,0.02,Low
4648,0.99,High
4649,1.0,High
4650,0.01,Low
4651,1.0,High
4652,0.98,High
4653,0.99,High
4654,0.0,Low
4655,1.0,High
4656,0.01,Low
4657,0.01,Low
4658,0.0,Low
4659,1.0,High
4660,0.0,Low
4661,1.0,High
4662,1.0,High
4663,0.98,High
4664,0.0,Low
4665,0.02,Low
4666,1.0,High
4667,0.01,Low
4668,0.99,High
4669,0.98,High
4670,0.0,Low
4671,0.0,Low
4672,0.99,High
4673,1.0,High
4674,0.0,Low
4675,1.0,High
4676,1.0,High
4677,0.99,High
4678,0.01,Low
4679,0.98,High
4680,1.0,High
4681,0.0,Low
4682,0.01,Low
4683,0.99,High
4684,0.01,Low
4685,0.01,Low
4686,0.01,Low
4687,0.03,Low
4688,0.98,High
4689,1.0,High
4690,0.01,Low
4691,1.0,High
4692,0.0,Low
4693,0.01,Low
4694,1.0,High
4695,0.98,High
4696,1.0,High
4697,0.01,Low
4698,0.01,Low
4699,0.01,Low
4700,0.0,Low
4701,0.0,Low
4702,0.99,High
4703,0.99,High
4704,1.0,High
4705,0.0,Low
4706,0.01,Low
4707,0.99,High
4708,0.0,Low
4709,0.98,High
4710,0.98,High
4711,0.0,Low
4712,0.02,Low
4713,0.99,High
4714,1.0,High
4715,0.99,High
4716,0.0,Low
4717,0.96,High
4718,0.0,Low
4719,0.98,High
4720,0.0,Low
4721,0.03,Low
4722,0.0,Low
4723,0.01,Low
4724,1.0,High
4725,0.0,Low
4726,1.0,High
4727,0.02,Low
4728,1.0,High
4729,0.01,Low
4730,1.0,High
4731,1.0,High
4732,0.03,Low
4733,0.0,Low
4734,1.0,High
4735,0.98,High
4736,0.0,Low
4737,0.99,High
4738,1.0,High
4739,0.01,Low
4740,1.0,High
4741,0.02,Low
4742,0.0,Low
4743,0.98,High
4744,1.0,High
4745,0.0,Low
4746,0.01,Low
4747,1.0,High
4748,0.98,High
4749,0.0,Low
4750,0.01,Low
4751,0.0,Low
4752,1.0,High
4753,1.0,High
4754,0.01,Low
4755,1.0,High
4756,0.98,High
4757,0.0,Low
4758,0.0,Low
4759,0.01,Low
4760,1.0,High
4761,0.98,High
4762,0.01,Low
4763,1.0,High
4764,0.99,High
4765,0.0,Low
4766,1.0,High
4767,0.0,Low
4768,0.01,Low
4769,1.0,High
4770,0.99,High
4771,0.01,Low
4772,0.96,High
4773,0.0,Low
4774,1.0,High
4775,0.0,Low
4776,1.0,High
4777,0.0,Low
4778,0.01,Low
4779,1.0,High
4780,0.99,High
4781,0.02,Low
4782,1.0,High
4783,0.01,Low
4784,1.0,High
4785,1.0,High
4786,0.0,Low
4787,0.0,Low
4788,1.0,High
4789,0.02,Low
4790,1.0,High
4791,0.01,Low
4792,0.99,High
4793,0.99,High
4794,0.96,High
4795,0.02,Low
4796,0.05,Low
4797,0.98,High
4798,0.99,High
4799,0.01,Low
4800,0.98,High
4801,0.02,Low
4802,0.99,High
4803,1.0,High
4804,0.0,Low
4805,0.0,Low
4806,0.0,Low
4807,0.02,Low
4808,0.99,High
4809,0.01,Low
4810,1.0,High
4811,0.0,Low
4812,0.0,Low
4813,0.99,High
4814,1.0,High
4815,0.0,Low
4816,1.0,High
4817,0.0,Low
4818,0.02,Low
4819,1.0,High
4820,0.99,High
4821,1.0,High
4822,0.03,Low
4823,0.0,Low
4824,0.0,Low
4825,0.0,Low
4826,1.0,High
4827,0.01,Low
4828,1.0,High
4829,0.03,Low
4830,0.99,High
4831,0.01,Low
4832,1.0,High
4833,0.01,Low
4834,1.0,High
4835,0.0,Low
4836,0.02,Low
4837,0.97,High
4838,1.0,High
4839,0.01,Low
4840,0.98,High
4841,0.0,Low
4842,0.99,High
4843,1.0,High
4844,0.0,Low
4845,1.0,High
4846,1.0,High
4847,0.02,Low
4848,0.0,Low
4849,1.0,High
4850,1.0,High
4851,0.98,High
4852,0.0,Low
4853,0.0,Low
4854,1.0,High
4855,0.01,Low
4856,1.0,High
4857,0.0,Low
4858,1.0,High
4859,0.99,High
4860,0.0,Low
4861,0.99,High
4862,0.01,Low
4863,0.99,High
4864,0.02,Low
4865,0.99,High
4866,0.0,Low
4867,0.99,High
4868,0.0,Low
4869,1.0,High
4870,0.02,Low
4871,0.99,High
4872,0.03,Low
4873,0.95,High
4874,0.0,Low
4875,0.96,High
4876,0.01,Low
4877,0.0,Low
4878,1.0,High
4879,0.0,Low
4880,0.99,High
4881,0.0,Low
4882,0.97,High
4883,0.0,Low
4884,1.0,High
4885,0.0,Low
4886,0.99,High
4887,0.0,Low
4888,1.0,High
4889,0.99,High
4890,0.01,Low
4891,1.0,High
4892,1.0,High
4893,0.99,High
4894,0.01,Low
4895,1.0,High
4896,1.0,High
4897,0.0,Low
4898,0.04,Low
4899,0.0,Low
4900,1.0,High
4901,1.0,High
4902,0.0,Low
4903,0.02,Low
4904,0.99,High
4905,0.99,High
4906,0.0,Low
4907,1.0,High
4908,1.0,High
4909,0.01,Low
4910,1.0,High
4911,0.0,Low
4912,0.01,Low
4913,0.0,Low
4914,0.99,High
4915,0.0,Low
4916,0.99,High
4917,1.0,High
4918,0.0,Low
4919,1.0,High
4920,0.01,Low
4921,1.0,High
4922,0.0,Low
4923,1.0,High
4924,0.96,High
4925,0.01,Low
4926,0.0,Low
4927,1.0,High
4928,0.99,High
4929,0.01,Low
4930,1.0,High
4931,0.01,Low
4932,0.0,Low
4933,0.99,High
4934,1.0,High
4935,0.0,Low
4936,1.0,High
4937,1.0,High
4938,0.01,Low
4939,0.01,Low
4940,0.99,High
4941,1.0,High
4942,0.0,Low
4943,0.0,Low
4944,1.0,High
4945,0.0,Low
4946,0.98,High
4947,0.0,Low
4948,0.03,Low
4949,1.0,High
4950,0.99,High
4951,0.0,Low
4952,0.98,High
4953,0.0,Low
4954,0.0,Low
4955,1.0,High
4956,0.0,Low
4957,0.99,High
4958,0.99,High
4959,0.99,High
4960,0.01,Low
4961,0.01,Low
4962,0.98,High
4963,0.99,High
4964,0.01,Low
4965,0.98,High
4966,0.0,Low
4967,0.98,High
4968,0.99,High
4969,0.01,Low
4970,0.02,Low
4971,1.0,High
4972,0.98,High
4973,0.0,Low
4974,0.0,Low
4975,1.0,High
4976,0.01,Low
4977,0.0,Low
4978,0.99,High
4979,0.0,Low
4980,0.97,High
4981,0.99,High
4982,0.01,Low
4983,0.98,High
4984,0.99,High
4985,0.0,Low
4986,0.0,Low
4987,0.0,Low
4988,0.98,High
4989,0.03,Low
4990,0.01,Low
4991,0.98,High
4992,0.01,Low
4993,1.0,High
4994,0.0,Low
4995,1.0,High
4996,0.0,Low
4997,1.0,High
4998,0.0,Low
4999,1.0,High
5000,1.0,High
5001,0.02,Low
5002,1.0,High
5003,1.0,High
5004,0.01,Low
5005,0.97,High
5006,0.0,Low
5007,0.98,High
5008,0.0,Low
5009,0.0,Low
5010,0.99,High
5011,0.0,Low
5012,1.0,High
5013,0.0,Low
5014,1.0,High
5015,0.0,Low
5016,1.0,High
5017,0.0,Low
5018,1.0,High
5019,0.97,High
5020,0.0,Low
5021,0.0,Low
5022,0.0,Low
5023,1.0,High
5024,0.99,High
5025,0.98,High
5026,0.0,Low
5027,1.0,High
5028,0.98,High
5029,0.0,Low
5030,1.0,High
5031,0.0,Low
5032,0.98,High
5033,0.01,Low
5034,0.02,Low
5035,1.0,High
5036,0.0,Low
5037,1.0,High
5038,0.0,Low
5039,1.0,High
5040,0.0,Low
5041,0.98,High
5042,1.0,High
5043,0.03,Low
5044,1.0,High
5045,0.0,Low
5046,0.98,High
5047,0.0,Low
5048,0.01,Low
5049,1.0,High
5050,1.0,High
5051,1.0,High
5052,1.0,High
5053,0.0,Low
5054,0.0,Low
5055,1.0,High
5056,0.01,Low
5057,0.02,Low
5058,0.99,High
5059,1.0,High
5060,0.0,Low
5061,0.01,Low
5062,0.98,High
5063,0.99,High
5064,0.0,Low
5065,1.0,High
5066,0.01,Low
5067,0.0,Low
5068,0.01,Low
5069,1.0,High
5070,0.0,Low
5071,1.0,High
5072,0.0,Low
5073,1.0,High
5074,0.01,Low
5075,1.0,High
5076,0.0,Low
5077,0.99,High
5078,0.99,High
5079,0.01,Low
5080,0.99,High
5081,0.0,Low
5082,0.0,Low
5083,0.0,Low
5084,0.97,High
5085,0.01,Low
5086,0.96,High
5087,0.99,High
5088,0.0,Low
5089,0.0,Low
5090,0.99,High
5091,0.01,Low
5092,0.97,High
5093,0.99,High
5094,0.98,High
5095,0.0,Low
5096,1.0,High
5097,0.01,Low
5098,1.0,High
5099,0.0,Low
5100,1.0,High
5101,0.0,Low
5102,0.99,High
5103,0.0,Low
5104,0.0,Low
5105,0.02,Low
5106,1.0,High
5107,1.0,High
5108,0.0,Low
5109,0.0,Low
5110,0.99,High
5111,0.99,High
5112,0.03,Low
5113,0.98,High
5114,0.0,Low
5115,1.0,High
5116,0.0,Low
5117,0.98,High
5118,0.0,Low
5119,1.0,High
5120,1.0,High
5121,0.03,Low
5122,0.01,Low
5123,0.99,High
5124,0.0,Low
5125,0.0,Low
5126,1.0,High
5127,0.02,Low
5128,1.0,High
5129,0.01,Low
5130,0.0,Low
5131,1.0,High
5132,0.03,Low
5133,0.99,High
5134,0.0,Low
5135,0.99,High
5136,0.99,High
5137,0.98,High
5138,0.0,Low
5139,0.0,Low
5140,0.0,Low
5141,1.0,High
5142,0.99,High
5143,0.0,Low
5144,0.0,Low
5145,0.0,Low
5146,0.01,Low
5147,0.99,High
5148,0.99,High
5149,0.0,Low
5150,0.01,Low
5151,0.99,High
5152,1.0,High
5153,0.01,Low
5154,0.0,Low
5155,1.0,High
5156,0.0,Low
5157,1.0,High
5158,0.02,Low
5159,1.0,High
5160,0.99,High
5161,0.0,Low
5162,0.0,Low
5163,0.99,High
5164,0.01,Low
5165,0.98,High
5166,0.0,Low
5167,0.99,High
5168,0.01,Low
5169,0.99,High
5170,0.0,Low
5171,1.0,High
5172,0.0,Low
5173,0.0,Low
5174,1.0,High
5175,1.0,High
5176,0.01,Low
5177,0.99,High
5178,1.0,High
5179,0.01,Low
5180,1.0,High
5181,1.0,High
5182,0.0,Low
5183,1.0,High
5184,1.0,High
5185,0.99,High
5186,0.0,Low
5187,0.0,Low
5188,0.01,Low
5189,1.0,High
5190,0.99,High
5191,0.03,Low
5192,0.99,High
5193,0.0,Low
5194,0.97,High
5195,0.0,Low
5196,0.01,Low
5197,1.0,High
5198,0.99,High
5199,0.01,Low
5200,0.97,High
5201,0.0,Low
5202,0.0,Low
5203,0.02,Low
5204,0.99,High
5205,0.01,Low
5206,0.01,Low
5207,0.98,High
5208,0.0,Low
5209,1.0,High
5210,0.99,High
5211,0.03,Low
5212,0.0,Low
5213,0.01,Low
5214,0.0,Low
5215,0.99,High
5216,1.0,High
5217,0.01,Low
5218,1.0,High
5219,1.0,High
5220,0.0,Low
5221,0.0,Low
5222,1.0,High
5223,1.0,High
5224,0.0,Low
5225,0.99,High
5226,0.95,High
5227,0.98,High
5228,0.01,Low
5229,1.0,High
5230,0.0,Low
5231,1.0,High
5232,0.0,Low
5233,0.0,Low
5234,0.03,Low
5235,0.0,Low
5236,0.98,High
5237,0.0,Low
5238,0.98,High
5239,1.0,High
5240,0.06,Low
5241,0.03,Low
5242,0.98,High
5243,1.0,High
5244,0.0,Low
5245,1.0,High
5246,0.99,High
5247,0.02,Low
5248,1.0,High
5249,0.06,Low
5250,0.99,High
5251,1.0,High
5252,0.01,Low
5253,0.99,High
5254,0.0,Low
5255,0.99,High
5256,0.01,Low
5257,0.99,High
5258,0.99,High
5259,0.0,Low
5260,1.0,High
5261,0.0,Low
5262,1.0,High
5263,0.0,Low
5264,0.99,High
5265,0.02,Low
5266,0.02,Low
5267,0.98,High
5268,1.0,High
5269,0.03,Low
5270,0.01,Low
5271,1.0,High
5272,0.02,Low
5273,1.0,High
5274,0.0,Low
5275,1.0,High
5276,0.0,Low
5277,0.99,High
5278,0.01,Low
5279,0.02,Low
5280,0.98,High
5281,0.99,High
5282,0.0,Low
5283,0.01,Low
5284,1.0,High
5285,0.0,Low
5286,0.98,High
5287,1.0,High
5288,0.0,Low
5289,0.0,Low
5290,1.0,High
5291,1.0,High
5292,1.0,High
5293,1.0,High
5294,0.0,Low
5295,0.0,Low
5296,0.99,High
5297,0.99,High
5298,0.0,Low
5299,1.0,High
5300,0.01,Low
5301,1.0,High
5302,1.0,High
5303,1.0,High
5304,0.01,Low
5305,0.01,Low
5306,1.0,High
5307,0.0,Low
5308,0.0,Low
5309,0.01,Low
5310,1.0,High
5311,1.0,High
5312,0.02,Low
5313,0.0,Low
5314,0.03,Low
5315,0.99,High
5316,0.0,Low
5317,0.02,Low
5318,1.0,High
5319,0.0,Low
5320,1.0,High
5321,0.0,Low
5322,1.0,High
5323,0.01,Low
5324,0.99,High
